<?xml version="1.0" encoding="UTF-8"?>
<!DOCTYPE mapper PUBLIC "-//mybatis.org//DTD Mapper 3.0//EN" "http://mybatis.org/dtd/mybatis-3-mapper.dtd">
<mapper namespace="com.tech.dao.AdminInfoMapper">
  <resultMap id="BaseResultMap" type="com.tech.model.AdminInfo">
    <id column="id" jdbcType="INTEGER" property="id" />
        <result column="login_name" property="loginName" jdbcType="VARCHAR" />
  <result column="password" property="password" jdbcType="VARCHAR" />

  </resultMap>
  <sql id="Example_Where_Clause">
    <where>
      <foreach collection="oredCriteria" item="criteria" separator="or">
        <if test="criteria.valid">
          <trim prefix="(" prefixOverrides="and" suffix=")">
            <foreach collection="criteria.criteria" item="criterion">
              <choose>
                <when test="criterion.noValue">
                  and ${criterion.condition}
                </when>
                <when test="criterion.singleValue">
                  and ${criterion.condition} #{criterion.value}
                </when>
                <when test="criterion.betweenValue">
                  and ${criterion.condition} #{criterion.value} and #{criterion.secondValue}
                </when>
                <when test="criterion.listValue">
                  and ${criterion.condition}
                  <foreach close=")" collection="criterion.value" item="listItem" open="(" separator=",">
                    #{listItem}
                  </foreach>
                </when>
              </choose>
            </foreach>
          </trim>
        </if>
      </foreach>
    </where>
  </sql>
  <sql id="Update_By_Example_Where_Clause">
    <where>
      <foreach collection="example.oredCriteria" item="criteria" separator="or">
        <if test="criteria.valid">
          <trim prefix="(" prefixOverrides="and" suffix=")">
            <foreach collection="criteria.criteria" item="criterion">
              <choose>
                <when test="criterion.noValue">
                  and ${criterion.condition}
                </when>
                <when test="criterion.singleValue">
                  and ${criterion.condition} #{criterion.value}
                </when>
                <when test="criterion.betweenValue">
                  and ${criterion.condition} #{criterion.value} and #{criterion.secondValue}
                </when>
                <when test="criterion.listValue">
                  and ${criterion.condition}
                  <foreach close=")" collection="criterion.value" item="listItem" open="(" separator=",">
                    #{listItem}
                  </foreach>
                </when>
              </choose>
            </foreach>
          </trim>
        </if>
      </foreach>
    </where>
  </sql>
  <sql id="Base_Column_List">
     id,login_name,password
  </sql>
  <select id="selectByExample" parameterType="com.tech.model.AdminInfoExample" resultMap="BaseResultMap">
    select
    <if test="distinct">
      distinct
    </if>
    <include refid="Base_Column_List" />
    from admin_info
    <if test="_parameter != null">
      <include refid="Example_Where_Clause" />
    </if>
    <if test="orderByClause != null">
      order by ${orderByClause}
    </if>
     <if test="startRow >= 0 and pageRows > 0">
  limit ${startRow},${pageRows}
  </if>

  </select>
  <select id="selectByPrimaryKey" parameterType="java.lang.Integer" resultMap="BaseResultMap">
    select 
    <include refid="Base_Column_List" />
     from admin_info
    where id = #{id,jdbcType=INTEGER}
  </select>
  <delete id="deleteByPrimaryKey" parameterType="java.lang.Integer">
   delete from admin_info
    where id = #{id,jdbcType=INTEGER}
  </delete>
  <delete id="deleteByExample" parameterType="com.tech.model.AdminInfoExample">
    delete from admin_info
    <if test="_parameter != null">
      <include refid="Example_Where_Clause" />
    </if>
  </delete>
  <insert id="insert" parameterType="com.tech.model.AdminInfo">
      <selectKey keyProperty="id" order="AFTER" resultType="java.lang.Integer">
  SELECT LAST_INSERT_ID()
</selectKey>

      insert into admin_info (login_name,password)
      values (	#{id,jdbcType=INTEGER},	#{loginName,jdbcType=VARCHAR},	#{password,jdbcType=VARCHAR})
  </insert>
  <insert id="insertSelective" parameterType="com.tech.model.AdminInfo">
   <selectKey keyProperty="id" order="AFTER" resultType="java.lang.Integer">
  SELECT LAST_INSERT_ID()
</selectKey>

    insert into admin_info
    <trim prefix="(" suffix=")" suffixOverrides=",">
      <if test="id != null" >
	  id,
 </if>
<if test="loginName != null" >
	  login_name,
 </if>
<if test="password != null" >
	  password
 </if>

    </trim>
    <trim prefix="values (" suffix=")" suffixOverrides=",">
         <if test="id != null" >
	 #{id,jdbcType=INTEGER},
	 </if>
  <if test="loginName != null" >
	 #{loginName,jdbcType=VARCHAR},
	 </if>
  <if test="password != null" >
	 #{password,jdbcType=VARCHAR},
	 </if>

    </trim>
  </insert>
  <select id="countByExample" parameterType="com.tech.model.AdminInfoExample" resultType="java.lang.Long">
    select count(*) from admin_info
    <if test="_parameter != null">
      <include refid="Example_Where_Clause" />
    </if>
  </select>
  <update id="updateByExampleSelective" parameterType="map">
    update admin_info
    <set>
       <if test="record.loginName != null" >
	 login_name = #{record.loginName,jdbcType=VARCHAR},
</if>
 <if test="record.password != null" >
	 password = #{record.password,jdbcType=VARCHAR}
</if>

    </set>
    <if test="_parameter != null">
      <include refid="Update_By_Example_Where_Clause" />
    </if>
  </update>
  <update id="updateByExample" parameterType="map">
    update admin_info
    set 
    				login_name = #{record.loginName,jdbcType=VARCHAR},	password = #{record.password,jdbcType=VARCHAR}
    <if test="_parameter != null">
      <include refid="Update_By_Example_Where_Clause" />
    </if>
  </update>
  <update id="updateByPrimaryKeySelective" parameterType="com.tech.model.AdminInfo">
    update admin_info
    <set>
       <if test="loginName != null" >
	 login_name = #{loginName,jdbcType=VARCHAR},
</if>
 <if test="password != null" >
	 password = #{password,jdbcType=VARCHAR}
</if>

    </set>
     where id = #{id,jdbcType=INTEGER}
  </update>
  <update id="updateByPrimaryKey" parameterType="com.tech.model.AdminInfo">
    update admin_info
    set 
     			login_name = #{loginName,jdbcType=VARCHAR},	password = #{password,jdbcType=VARCHAR}
    where id = #{id,jdbcType=INTEGER}
  </update>
  
</mapper>
