<?xml version="1.0" encoding="UTF-8"?>
<!DOCTYPE mapper PUBLIC "-//mybatis.org//DTD Mapper 3.0//EN" "http://mybatis.org/dtd/mybatis-3-mapper.dtd">
<mapper namespace="com.tech.dao.BussinessIntroMapper">
  <resultMap id="BaseResultMap" type="com.tech.model.BussinessIntro">
    <id column="id" jdbcType="INTEGER" property="id" />
        <result column="title" property="title" jdbcType="VARCHAR" />
  <result column="sub_title" property="subTitle" jdbcType="VARCHAR" />
  <result column="bussiness_detail" property="bussinessDetail" jdbcType="VARCHAR" />

  </resultMap>
  <sql id="Example_Where_Clause">
    <where>
      <foreach collection="oredCriteria" item="criteria" separator="or">
        <if test="criteria.valid">
          <trim prefix="(" prefixOverrides="and" suffix=")">
            <foreach collection="criteria.criteria" item="criterion">
              <choose>
                <when test="criterion.noValue">
                  and ${criterion.condition}
                </when>
                <when test="criterion.singleValue">
                  and ${criterion.condition} #{criterion.value}
                </when>
                <when test="criterion.betweenValue">
                  and ${criterion.condition} #{criterion.value} and #{criterion.secondValue}
                </when>
                <when test="criterion.listValue">
                  and ${criterion.condition}
                  <foreach close=")" collection="criterion.value" item="listItem" open="(" separator=",">
                    #{listItem}
                  </foreach>
                </when>
              </choose>
            </foreach>
          </trim>
        </if>
      </foreach>
    </where>
  </sql>
  <sql id="Update_By_Example_Where_Clause">
    <where>
      <foreach collection="example.oredCriteria" item="criteria" separator="or">
        <if test="criteria.valid">
          <trim prefix="(" prefixOverrides="and" suffix=")">
            <foreach collection="criteria.criteria" item="criterion">
              <choose>
                <when test="criterion.noValue">
                  and ${criterion.condition}
                </when>
                <when test="criterion.singleValue">
                  and ${criterion.condition} #{criterion.value}
                </when>
                <when test="criterion.betweenValue">
                  and ${criterion.condition} #{criterion.value} and #{criterion.secondValue}
                </when>
                <when test="criterion.listValue">
                  and ${criterion.condition}
                  <foreach close=")" collection="criterion.value" item="listItem" open="(" separator=",">
                    #{listItem}
                  </foreach>
                </when>
              </choose>
            </foreach>
          </trim>
        </if>
      </foreach>
    </where>
  </sql>
  <sql id="Base_Column_List">
     id,title,sub_title,bussiness_detail
  </sql>
  <select id="selectByExample" parameterType="com.tech.model.BussinessIntroExample" resultMap="BaseResultMap">
    select
    <if test="distinct">
      distinct
    </if>
    <include refid="Base_Column_List" />
    from bussiness_intro
    <if test="_parameter != null">
      <include refid="Example_Where_Clause" />
    </if>
    <if test="orderByClause != null">
      order by ${orderByClause}
    </if>
     <if test="startRow >= 0 and pageRows > 0">
  limit ${startRow},${pageRows}
  </if>

  </select>
  <select id="selectByPrimaryKey" parameterType="java.lang.Integer" resultMap="BaseResultMap">
    select 
    <include refid="Base_Column_List" />
     from bussiness_intro
    where id = #{id,jdbcType=INTEGER}
  </select>
  <delete id="deleteByPrimaryKey" parameterType="java.lang.Integer">
   delete from bussiness_intro
    where id = #{id,jdbcType=INTEGER}
  </delete>
  <delete id="deleteByExample" parameterType="com.tech.model.BussinessIntroExample">
    delete from bussiness_intro
    <if test="_parameter != null">
      <include refid="Example_Where_Clause" />
    </if>
  </delete>
  <insert id="insert" parameterType="com.tech.model.BussinessIntro">
      <selectKey keyProperty="id" order="AFTER" resultType="java.lang.Integer">
  SELECT LAST_INSERT_ID()
</selectKey>

      insert into bussiness_intro (title,sub_title,bussiness_detail)
      values (	#{id,jdbcType=INTEGER},	#{title,jdbcType=VARCHAR},	#{subTitle,jdbcType=VARCHAR},	#{bussinessDetail,jdbcType=VARCHAR})
  </insert>
  <insert id="insertSelective" parameterType="com.tech.model.BussinessIntro">
   <selectKey keyProperty="id" order="AFTER" resultType="java.lang.Integer">
  SELECT LAST_INSERT_ID()
</selectKey>

    insert into bussiness_intro
    <trim prefix="(" suffix=")" suffixOverrides=",">
      <if test="id != null" >
	  id,
 </if>
<if test="title != null" >
	  title,
 </if>
<if test="subTitle != null" >
	  sub_title,
 </if>
<if test="bussinessDetail != null" >
	  bussiness_detail
 </if>

    </trim>
    <trim prefix="values (" suffix=")" suffixOverrides=",">
         <if test="id != null" >
	 #{id,jdbcType=INTEGER},
	 </if>
  <if test="title != null" >
	 #{title,jdbcType=VARCHAR},
	 </if>
  <if test="subTitle != null" >
	 #{subTitle,jdbcType=VARCHAR},
	 </if>
  <if test="bussinessDetail != null" >
	 #{bussinessDetail,jdbcType=VARCHAR},
	 </if>

    </trim>
  </insert>
  <select id="countByExample" parameterType="com.tech.model.BussinessIntroExample" resultType="java.lang.Long">
    select count(*) from bussiness_intro
    <if test="_parameter != null">
      <include refid="Example_Where_Clause" />
    </if>
  </select>
  <update id="updateByExampleSelective" parameterType="map">
    update bussiness_intro
    <set>
       <if test="record.title != null" >
	 title = #{record.title,jdbcType=VARCHAR},
</if>
 <if test="record.subTitle != null" >
	 sub_title = #{record.subTitle,jdbcType=VARCHAR},
</if>
 <if test="record.bussinessDetail != null" >
	 bussiness_detail = #{record.bussinessDetail,jdbcType=VARCHAR}
</if>

    </set>
    <if test="_parameter != null">
      <include refid="Update_By_Example_Where_Clause" />
    </if>
  </update>
  <update id="updateByExample" parameterType="map">
    update bussiness_intro
    set 
    				title = #{record.title,jdbcType=VARCHAR},	sub_title = #{record.subTitle,jdbcType=VARCHAR},	bussiness_detail = #{record.bussinessDetail,jdbcType=VARCHAR}
    <if test="_parameter != null">
      <include refid="Update_By_Example_Where_Clause" />
    </if>
  </update>
  <update id="updateByPrimaryKeySelective" parameterType="com.tech.model.BussinessIntro">
    update bussiness_intro
    <set>
       <if test="title != null" >
	 title = #{title,jdbcType=VARCHAR},
</if>
 <if test="subTitle != null" >
	 sub_title = #{subTitle,jdbcType=VARCHAR},
</if>
 <if test="bussinessDetail != null" >
	 bussiness_detail = #{bussinessDetail,jdbcType=VARCHAR}
</if>

    </set>
     where id = #{id,jdbcType=INTEGER}
  </update>
  <update id="updateByPrimaryKey" parameterType="com.tech.model.BussinessIntro">
    update bussiness_intro
    set 
     			title = #{title,jdbcType=VARCHAR},	sub_title = #{subTitle,jdbcType=VARCHAR},	bussiness_detail = #{bussinessDetail,jdbcType=VARCHAR}
    where id = #{id,jdbcType=INTEGER}
  </update>
  
</mapper>
