<?xml version="1.0" encoding="UTF-8"?>
<!DOCTYPE mapper PUBLIC "-//mybatis.org//DTD Mapper 3.0//EN" "http://mybatis.org/dtd/mybatis-3-mapper.dtd">
<mapper namespace="com.tech.dao.CustomerMsgMapper">
  <resultMap id="BaseResultMap" type="com.tech.model.CustomerMsg">
    <id column="id" jdbcType="INTEGER" property="id" />
        <result column="customer_img" property="customerImg" jdbcType="VARCHAR" />
  <result column="customer_url" property="customerUrl" jdbcType="VARCHAR" />

  </resultMap>
  <sql id="Example_Where_Clause">
    <where>
      <foreach collection="oredCriteria" item="criteria" separator="or">
        <if test="criteria.valid">
          <trim prefix="(" prefixOverrides="and" suffix=")">
            <foreach collection="criteria.criteria" item="criterion">
              <choose>
                <when test="criterion.noValue">
                  and ${criterion.condition}
                </when>
                <when test="criterion.singleValue">
                  and ${criterion.condition} #{criterion.value}
                </when>
                <when test="criterion.betweenValue">
                  and ${criterion.condition} #{criterion.value} and #{criterion.secondValue}
                </when>
                <when test="criterion.listValue">
                  and ${criterion.condition}
                  <foreach close=")" collection="criterion.value" item="listItem" open="(" separator=",">
                    #{listItem}
                  </foreach>
                </when>
              </choose>
            </foreach>
          </trim>
        </if>
      </foreach>
    </where>
  </sql>
  <sql id="Update_By_Example_Where_Clause">
    <where>
      <foreach collection="example.oredCriteria" item="criteria" separator="or">
        <if test="criteria.valid">
          <trim prefix="(" prefixOverrides="and" suffix=")">
            <foreach collection="criteria.criteria" item="criterion">
              <choose>
                <when test="criterion.noValue">
                  and ${criterion.condition}
                </when>
                <when test="criterion.singleValue">
                  and ${criterion.condition} #{criterion.value}
                </when>
                <when test="criterion.betweenValue">
                  and ${criterion.condition} #{criterion.value} and #{criterion.secondValue}
                </when>
                <when test="criterion.listValue">
                  and ${criterion.condition}
                  <foreach close=")" collection="criterion.value" item="listItem" open="(" separator=",">
                    #{listItem}
                  </foreach>
                </when>
              </choose>
            </foreach>
          </trim>
        </if>
      </foreach>
    </where>
  </sql>
  <sql id="Base_Column_List">
     id,customer_img,customer_url
  </sql>
  <select id="selectByExample" parameterType="com.tech.model.CustomerMsgExample" resultMap="BaseResultMap">
    select
    <if test="distinct">
      distinct
    </if>
    <include refid="Base_Column_List" />
    from customer_msg
    <if test="_parameter != null">
      <include refid="Example_Where_Clause" />
    </if>
    <if test="orderByClause != null">
      order by ${orderByClause}
    </if>
     <if test="startRow >= 0 and pageRows > 0">
  limit ${startRow},${pageRows}
  </if>

  </select>
  <select id="selectByPrimaryKey" parameterType="java.lang.Integer" resultMap="BaseResultMap">
    select 
    <include refid="Base_Column_List" />
     from customer_msg
    where id = #{id,jdbcType=INTEGER}
  </select>
  <delete id="deleteByPrimaryKey" parameterType="java.lang.Integer">
   delete from customer_msg
    where id = #{id,jdbcType=INTEGER}
  </delete>
  <delete id="deleteByExample" parameterType="com.tech.model.CustomerMsgExample">
    delete from customer_msg
    <if test="_parameter != null">
      <include refid="Example_Where_Clause" />
    </if>
  </delete>
  <insert id="insert" parameterType="com.tech.model.CustomerMsg">
      <selectKey keyProperty="id" order="AFTER" resultType="java.lang.Integer">
  SELECT LAST_INSERT_ID()
</selectKey>

      insert into customer_msg (customer_img,customer_url)
      values (	#{id,jdbcType=INTEGER},	#{customerImg,jdbcType=VARCHAR},	#{customerUrl,jdbcType=VARCHAR})
  </insert>
  <insert id="insertSelective" parameterType="com.tech.model.CustomerMsg">
   <selectKey keyProperty="id" order="AFTER" resultType="java.lang.Integer">
  SELECT LAST_INSERT_ID()
</selectKey>

    insert into customer_msg
    <trim prefix="(" suffix=")" suffixOverrides=",">
      <if test="id != null" >
	  id,
 </if>
<if test="customerImg != null" >
	  customer_img,
 </if>
<if test="customerUrl != null" >
	  customer_url
 </if>

    </trim>
    <trim prefix="values (" suffix=")" suffixOverrides=",">
         <if test="id != null" >
	 #{id,jdbcType=INTEGER},
	 </if>
  <if test="customerImg != null" >
	 #{customerImg,jdbcType=VARCHAR},
	 </if>
  <if test="customerUrl != null" >
	 #{customerUrl,jdbcType=VARCHAR},
	 </if>

    </trim>
  </insert>
  <select id="countByExample" parameterType="com.tech.model.CustomerMsgExample" resultType="java.lang.Long">
    select count(*) from customer_msg
    <if test="_parameter != null">
      <include refid="Example_Where_Clause" />
    </if>
  </select>
  <update id="updateByExampleSelective" parameterType="map">
    update customer_msg
    <set>
       <if test="record.customerImg != null" >
	 customer_img = #{record.customerImg,jdbcType=VARCHAR},
</if>
 <if test="record.customerUrl != null" >
	 customer_url = #{record.customerUrl,jdbcType=VARCHAR}
</if>

    </set>
    <if test="_parameter != null">
      <include refid="Update_By_Example_Where_Clause" />
    </if>
  </update>
  <update id="updateByExample" parameterType="map">
    update customer_msg
    set 
    				customer_img = #{record.customerImg,jdbcType=VARCHAR},	customer_url = #{record.customerUrl,jdbcType=VARCHAR}
    <if test="_parameter != null">
      <include refid="Update_By_Example_Where_Clause" />
    </if>
  </update>
  <update id="updateByPrimaryKeySelective" parameterType="com.tech.model.CustomerMsg">
    update customer_msg
    <set>
       <if test="customerImg != null" >
	 customer_img = #{customerImg,jdbcType=VARCHAR},
</if>
 <if test="customerUrl != null" >
	 customer_url = #{customerUrl,jdbcType=VARCHAR}
</if>

    </set>
     where id = #{id,jdbcType=INTEGER}
  </update>
  <update id="updateByPrimaryKey" parameterType="com.tech.model.CustomerMsg">
    update customer_msg
    set 
     			customer_img = #{customerImg,jdbcType=VARCHAR},	customer_url = #{customerUrl,jdbcType=VARCHAR}
    where id = #{id,jdbcType=INTEGER}
  </update>
  
</mapper>
