<?xml version="1.0" encoding="UTF-8"?>
<!DOCTYPE mapper PUBLIC "-//mybatis.org//DTD Mapper 3.0//EN" "http://mybatis.org/dtd/mybatis-3-mapper.dtd">
<mapper namespace="com.tech.dao.NormalQuestionMapper">
  <resultMap id="BaseResultMap" type="com.tech.model.NormalQuestion">
    <id column="id" jdbcType="INTEGER" property="id" />
        <result column="question_title" property="questionTitle" jdbcType="VARCHAR" />
  <result column="question_intro" property="questionIntro" jdbcType="VARCHAR" />
  <result column="create_time" property="createTime" jdbcType="VARCHAR" />

  </resultMap>
  <sql id="Example_Where_Clause">
    <where>
      <foreach collection="oredCriteria" item="criteria" separator="or">
        <if test="criteria.valid">
          <trim prefix="(" prefixOverrides="and" suffix=")">
            <foreach collection="criteria.criteria" item="criterion">
              <choose>
                <when test="criterion.noValue">
                  and ${criterion.condition}
                </when>
                <when test="criterion.singleValue">
                  and ${criterion.condition} #{criterion.value}
                </when>
                <when test="criterion.betweenValue">
                  and ${criterion.condition} #{criterion.value} and #{criterion.secondValue}
                </when>
                <when test="criterion.listValue">
                  and ${criterion.condition}
                  <foreach close=")" collection="criterion.value" item="listItem" open="(" separator=",">
                    #{listItem}
                  </foreach>
                </when>
              </choose>
            </foreach>
          </trim>
        </if>
      </foreach>
    </where>
  </sql>
  <sql id="Update_By_Example_Where_Clause">
    <where>
      <foreach collection="example.oredCriteria" item="criteria" separator="or">
        <if test="criteria.valid">
          <trim prefix="(" prefixOverrides="and" suffix=")">
            <foreach collection="criteria.criteria" item="criterion">
              <choose>
                <when test="criterion.noValue">
                  and ${criterion.condition}
                </when>
                <when test="criterion.singleValue">
                  and ${criterion.condition} #{criterion.value}
                </when>
                <when test="criterion.betweenValue">
                  and ${criterion.condition} #{criterion.value} and #{criterion.secondValue}
                </when>
                <when test="criterion.listValue">
                  and ${criterion.condition}
                  <foreach close=")" collection="criterion.value" item="listItem" open="(" separator=",">
                    #{listItem}
                  </foreach>
                </when>
              </choose>
            </foreach>
          </trim>
        </if>
      </foreach>
    </where>
  </sql>
  <sql id="Base_Column_List">
     id,question_title,question_intro,create_time
  </sql>
  <select id="selectByExample" parameterType="com.tech.model.NormalQuestionExample" resultMap="BaseResultMap">
    select
    <if test="distinct">
      distinct
    </if>
    <include refid="Base_Column_List" />
    from normal_question
    <if test="_parameter != null">
      <include refid="Example_Where_Clause" />
    </if>
    <if test="orderByClause != null">
      order by ${orderByClause}
    </if>
     <if test="startRow >= 0 and pageRows > 0">
  limit ${startRow},${pageRows}
  </if>

  </select>
  <select id="selectByPrimaryKey" parameterType="java.lang.Integer" resultMap="BaseResultMap">
    select 
    <include refid="Base_Column_List" />
     from normal_question
    where id = #{id,jdbcType=INTEGER}
  </select>
  <delete id="deleteByPrimaryKey" parameterType="java.lang.Integer">
   delete from normal_question
    where id = #{id,jdbcType=INTEGER}
  </delete>
  <delete id="deleteByExample" parameterType="com.tech.model.NormalQuestionExample">
    delete from normal_question
    <if test="_parameter != null">
      <include refid="Example_Where_Clause" />
    </if>
  </delete>
  <insert id="insert" parameterType="com.tech.model.NormalQuestion">
      <selectKey keyProperty="id" order="AFTER" resultType="java.lang.Integer">
  SELECT LAST_INSERT_ID()
</selectKey>

      insert into normal_question (question_title,question_intro,create_time)
      values (	#{id,jdbcType=INTEGER},	#{questionTitle,jdbcType=VARCHAR},	#{questionIntro,jdbcType=VARCHAR},	#{createTime,jdbcType=VARCHAR})
  </insert>
  <insert id="insertSelective" parameterType="com.tech.model.NormalQuestion">
   <selectKey keyProperty="id" order="AFTER" resultType="java.lang.Integer">
  SELECT LAST_INSERT_ID()
</selectKey>

    insert into normal_question
    <trim prefix="(" suffix=")" suffixOverrides=",">
      <if test="id != null" >
	  id,
 </if>
<if test="questionTitle != null" >
	  question_title,
 </if>
<if test="questionIntro != null" >
	  question_intro,
 </if>
<if test="createTime != null" >
	  create_time
 </if>

    </trim>
    <trim prefix="values (" suffix=")" suffixOverrides=",">
         <if test="id != null" >
	 #{id,jdbcType=INTEGER},
	 </if>
  <if test="questionTitle != null" >
	 #{questionTitle,jdbcType=VARCHAR},
	 </if>
  <if test="questionIntro != null" >
	 #{questionIntro,jdbcType=VARCHAR},
	 </if>
  <if test="createTime != null" >
	 #{createTime,jdbcType=VARCHAR},
	 </if>

    </trim>
  </insert>
  <select id="countByExample" parameterType="com.tech.model.NormalQuestionExample" resultType="java.lang.Long">
    select count(*) from normal_question
    <if test="_parameter != null">
      <include refid="Example_Where_Clause" />
    </if>
  </select>
  <update id="updateByExampleSelective" parameterType="map">
    update normal_question
    <set>
       <if test="record.questionTitle != null" >
	 question_title = #{record.questionTitle,jdbcType=VARCHAR},
</if>
 <if test="record.questionIntro != null" >
	 question_intro = #{record.questionIntro,jdbcType=VARCHAR},
</if>
 <if test="record.createTime != null" >
	 create_time = #{record.createTime,jdbcType=VARCHAR}
</if>

    </set>
    <if test="_parameter != null">
      <include refid="Update_By_Example_Where_Clause" />
    </if>
  </update>
  <update id="updateByExample" parameterType="map">
    update normal_question
    set 
    				question_title = #{record.questionTitle,jdbcType=VARCHAR},	question_intro = #{record.questionIntro,jdbcType=VARCHAR},	create_time = #{record.createTime,jdbcType=VARCHAR}
    <if test="_parameter != null">
      <include refid="Update_By_Example_Where_Clause" />
    </if>
  </update>
  <update id="updateByPrimaryKeySelective" parameterType="com.tech.model.NormalQuestion">
    update normal_question
    <set>
       <if test="questionTitle != null" >
	 question_title = #{questionTitle,jdbcType=VARCHAR},
</if>
 <if test="questionIntro != null" >
	 question_intro = #{questionIntro,jdbcType=VARCHAR},
</if>
 <if test="createTime != null" >
	 create_time = #{createTime,jdbcType=VARCHAR}
</if>

    </set>
     where id = #{id,jdbcType=INTEGER}
  </update>
  <update id="updateByPrimaryKey" parameterType="com.tech.model.NormalQuestion">
    update normal_question
    set 
     			question_title = #{questionTitle,jdbcType=VARCHAR},	question_intro = #{questionIntro,jdbcType=VARCHAR},	create_time = #{createTime,jdbcType=VARCHAR}
    where id = #{id,jdbcType=INTEGER}
  </update>
  
</mapper>
