<?xml version="1.0" encoding="UTF-8"?>
<!DOCTYPE mapper PUBLIC "-//mybatis.org//DTD Mapper 3.0//EN" "http://mybatis.org/dtd/mybatis-3-mapper.dtd">
<mapper namespace="com.tech.dao.ProductInfoMapper">
  <resultMap id="BaseResultMap" type="com.tech.model.ProductInfo">
    <id column="id" jdbcType="INTEGER" property="id" />
        <result column="pro_name" property="proName" jdbcType="VARCHAR" />
  <result column="pro_type_id" property="proTypeId" jdbcType="INTEGER" />
  <result column="pro_img" property="proImg" jdbcType="VARCHAR" />
  <result column="pro_intro" property="proIntro" jdbcType="VARCHAR" />

  </resultMap>
  <sql id="Example_Where_Clause">
    <where>
      <foreach collection="oredCriteria" item="criteria" separator="or">
        <if test="criteria.valid">
          <trim prefix="(" prefixOverrides="and" suffix=")">
            <foreach collection="criteria.criteria" item="criterion">
              <choose>
                <when test="criterion.noValue">
                  and ${criterion.condition}
                </when>
                <when test="criterion.singleValue">
                  and ${criterion.condition} #{criterion.value}
                </when>
                <when test="criterion.betweenValue">
                  and ${criterion.condition} #{criterion.value} and #{criterion.secondValue}
                </when>
                <when test="criterion.listValue">
                  and ${criterion.condition}
                  <foreach close=")" collection="criterion.value" item="listItem" open="(" separator=",">
                    #{listItem}
                  </foreach>
                </when>
              </choose>
            </foreach>
          </trim>
        </if>
      </foreach>
    </where>
  </sql>
  <sql id="Update_By_Example_Where_Clause">
    <where>
      <foreach collection="example.oredCriteria" item="criteria" separator="or">
        <if test="criteria.valid">
          <trim prefix="(" prefixOverrides="and" suffix=")">
            <foreach collection="criteria.criteria" item="criterion">
              <choose>
                <when test="criterion.noValue">
                  and ${criterion.condition}
                </when>
                <when test="criterion.singleValue">
                  and ${criterion.condition} #{criterion.value}
                </when>
                <when test="criterion.betweenValue">
                  and ${criterion.condition} #{criterion.value} and #{criterion.secondValue}
                </when>
                <when test="criterion.listValue">
                  and ${criterion.condition}
                  <foreach close=")" collection="criterion.value" item="listItem" open="(" separator=",">
                    #{listItem}
                  </foreach>
                </when>
              </choose>
            </foreach>
          </trim>
        </if>
      </foreach>
    </where>
  </sql>
  <sql id="Base_Column_List">
     id,pro_name,pro_type_id,pro_img,pro_intro
  </sql>
  <select id="selectByExample" parameterType="com.tech.model.ProductInfoExample" resultMap="BaseResultMap">
    select
    <if test="distinct">
      distinct
    </if>
    <include refid="Base_Column_List" />
    from product_info
    <if test="_parameter != null">
      <include refid="Example_Where_Clause" />
    </if>
    <if test="orderByClause != null">
      order by ${orderByClause}
    </if>
     <if test="startRow >= 0 and pageRows > 0">
  limit ${startRow},${pageRows}
  </if>

  </select>
  <select id="selectByPrimaryKey" parameterType="java.lang.Integer" resultMap="BaseResultMap">
    select 
    <include refid="Base_Column_List" />
     from product_info
    where id = #{id,jdbcType=INTEGER}
  </select>
  <delete id="deleteByPrimaryKey" parameterType="java.lang.Integer">
   delete from product_info
    where id = #{id,jdbcType=INTEGER}
  </delete>
  <delete id="deleteByExample" parameterType="com.tech.model.ProductInfoExample">
    delete from product_info
    <if test="_parameter != null">
      <include refid="Example_Where_Clause" />
    </if>
  </delete>
  <insert id="insert" parameterType="com.tech.model.ProductInfo">
      <selectKey keyProperty="id" order="AFTER" resultType="java.lang.Integer">
  SELECT LAST_INSERT_ID()
</selectKey>

      insert into product_info (pro_name,pro_type_id,pro_img,pro_intro)
      values (	#{id,jdbcType=INTEGER},	#{proName,jdbcType=VARCHAR},	#{proTypeId,jdbcType=INTEGER},	#{proImg,jdbcType=VARCHAR},	#{proIntro,jdbcType=VARCHAR})
  </insert>
  <insert id="insertSelective" parameterType="com.tech.model.ProductInfo">
   <selectKey keyProperty="id" order="AFTER" resultType="java.lang.Integer">
  SELECT LAST_INSERT_ID()
</selectKey>

    insert into product_info
    <trim prefix="(" suffix=")" suffixOverrides=",">
      <if test="id != null" >
	  id,
 </if>
<if test="proName != null" >
	  pro_name,
 </if>
<if test="proTypeId != null" >
	  pro_type_id,
 </if>
<if test="proImg != null" >
	  pro_img,
 </if>
<if test="proIntro != null" >
	  pro_intro
 </if>

    </trim>
    <trim prefix="values (" suffix=")" suffixOverrides=",">
         <if test="id != null" >
	 #{id,jdbcType=INTEGER},
	 </if>
  <if test="proName != null" >
	 #{proName,jdbcType=VARCHAR},
	 </if>
  <if test="proTypeId != null" >
	 #{proTypeId,jdbcType=INTEGER},
	 </if>
  <if test="proImg != null" >
	 #{proImg,jdbcType=VARCHAR},
	 </if>
  <if test="proIntro != null" >
	 #{proIntro,jdbcType=VARCHAR},
	 </if>

    </trim>
  </insert>
  <select id="countByExample" parameterType="com.tech.model.ProductInfoExample" resultType="java.lang.Long">
    select count(*) from product_info
    <if test="_parameter != null">
      <include refid="Example_Where_Clause" />
    </if>
  </select>
  <update id="updateByExampleSelective" parameterType="map">
    update product_info
    <set>
       <if test="record.proName != null" >
	 pro_name = #{record.proName,jdbcType=VARCHAR},
</if>
 <if test="record.proTypeId != null" >
	 pro_type_id = #{record.proTypeId,jdbcType=INTEGER},
</if>
 <if test="record.proImg != null" >
	 pro_img = #{record.proImg,jdbcType=VARCHAR},
</if>
 <if test="record.proIntro != null" >
	 pro_intro = #{record.proIntro,jdbcType=VARCHAR}
</if>

    </set>
    <if test="_parameter != null">
      <include refid="Update_By_Example_Where_Clause" />
    </if>
  </update>
  <update id="updateByExample" parameterType="map">
    update product_info
    set 
    				pro_name = #{record.proName,jdbcType=VARCHAR},	pro_type_id = #{record.proTypeId,jdbcType=INTEGER},	pro_img = #{record.proImg,jdbcType=VARCHAR},	pro_intro = #{record.proIntro,jdbcType=VARCHAR}
    <if test="_parameter != null">
      <include refid="Update_By_Example_Where_Clause" />
    </if>
  </update>
  <update id="updateByPrimaryKeySelective" parameterType="com.tech.model.ProductInfo">
    update product_info
    <set>
       <if test="proName != null" >
	 pro_name = #{proName,jdbcType=VARCHAR},
</if>
 <if test="proTypeId != null" >
	 pro_type_id = #{proTypeId,jdbcType=INTEGER},
</if>
 <if test="proImg != null" >
	 pro_img = #{proImg,jdbcType=VARCHAR},
</if>
 <if test="proIntro != null" >
	 pro_intro = #{proIntro,jdbcType=VARCHAR}
</if>

    </set>
     where id = #{id,jdbcType=INTEGER}
  </update>
  <update id="updateByPrimaryKey" parameterType="com.tech.model.ProductInfo">
    update product_info
    set 
     			pro_name = #{proName,jdbcType=VARCHAR},	pro_type_id = #{proTypeId,jdbcType=INTEGER},	pro_img = #{proImg,jdbcType=VARCHAR},	pro_intro = #{proIntro,jdbcType=VARCHAR}
    where id = #{id,jdbcType=INTEGER}
  </update>
  
</mapper>
